USE s24g_Team04_db;

#Creating Tables and Inserting Values
CREATE TABLE `customer`(
  `customer_id` varchar(25) NOT NULL,
  `customer_name` varchar(25) DEFAULT NULL,
  `gender` varchar(15) DEFAULT NULL,
  `job_title` varchar(50) DEFAULT NULL,
  `phone_number` varchar(20) DEFAULT NULL,
  `email_address` varchar(50) DEFAULT NULL,
  `city` varchar(25) DEFAULT NULL,
  `country` varchar(40) DEFAULT NULL,
  `state` varchar(40) DEFAULT NULL,
  `customer_address` varchar(50) DEFAULT NULL,
  `postal_code` int DEFAULT NULL,
  `credit_card_type` varchar(40) DEFAULT NULL,
  `credit_card_number` bigint DEFAULT NULL,
  PRIMARY KEY (`customer_id`));

INSERT INTO `customer` VALUES ('0002-4115','Rafaela Hummerston','Female','Research Associate','862-362-4311','rhummerstoncg@unblog.fr','Newark','United States','New Jersey','556 Gerald Lane',7195,'diners-club-enroute',4980000000000000),('0002-4465','Minerva Noir','Female','Safety Technician II','317-472-9307','mnoirfc@mlb.com','Indianapolis','United States','Indiana','8958 Glacier Hill Crossing',46221,'jcb',1300000000000000),('0002-7597','Foss Ratcliffe','Male','Chief Design Engineer','360-923-0728','fratcliffed3@blog.com','Olympia','United States','Washington','4941 Tomscot Drive',98506,'visa',4270000000000000),('0006-0740','Tirrell Hegg','Male','Account Executive','916-275-2214','theggr6@stumbleupon.com','Sacramento','United States','California','542 Spenser Hill',95823,'maestro',4290000000000000),('0006-0951','Felike Penvarne','Male','Media Manager II','202-786-2819','fpenvarne81@nydailynews.com','Washington','United States','District of Columbia','93 Katie Junction',20057,'jcb',1840000000000000),('0008-1123','Timi Limpricht','Female','Senior Developer','409-884-0947','tlimprichtk3@amazon.de','Beaumont','United States','Texas','242 Forster Plaza',77705,'jcb',2660000000000000),('0013-2653','Edi Stodd','Female','Senior Financial Analyst','571-949-9499','estoddiw@dot.gov','Reston','United States','Virginia','09112 Beilfuss Plaza',22096,'diners-club-enroute',4530000000000000),('0023-4385','Ileana Meran','Female','Research Associate','630-947-3323','imeranlg@weebly.com','Naperville','United States','Illinois','1 Huxley Crossing',60567,'laser',4180000000000000),('0023-4964','Flss Darker','Female','Design Engineer','727-155-1700','fdarker92@eventbrite.com','Clearwater','United States','Florida','493 Graceland Terrace',33763,'diners-club-enroute',2550000000000000),('0024-2792','Hobie McRoberts','Male','Civil Engineer','720-577-2387','hmcrobertsl3@dagondesign.com','Denver','United States','Colorado','740 Bowman Parkway',80209,'jcb',4330000000000000),('0025-1851','Donelle Gwatkins','Female','VP Accounting','515-903-2317','dgwatkinsgi@hao123.com','Des Moines','United States','Iowa','6004 Graceland Street',50330,'jcb',1890000000000000),('0054-0435','Nalani Micka','Female','Engineer III','714-463-6030','nmickad7@cbc.ca','Newport Beach','United States','California','73 Schurz Hill',92662,'bankcard',4660000000000000),('0054-8181','James Doneld','Male','Computer Systems Analyst II','205-979-4979','jdoneldd8@tinypic.com','Tuscaloosa','United States','Alabama','32960 Shopko Street',35405,'laser',2620000000000000),('0065-0454','Leela Gregolin','Female','Legal Assistant','612-969-9476','lgregolin4a@friendfeed.com','Minneapolis','United States','Minnesota','614 Mayer Center',55470,'jcb',4550000000000000),('0065-0530','Zebadiah Kewzick','Male','Media Manager III','801-624-0463','zkewzick9c@bing.com','Salt Lake City','United States','Utah','431 Butterfield Crossing',84199,'jcb',4420000000000000),('0065-0643','Theodoric Padley','Male','Staff Accountant III','323-363-3595','tpadley2h@usda.gov','Los Angeles','United States','California','627 Elmside Alley',90025,'mastercard',2240000000000000),('0067-2039','Dinny O\'Cooney','Female','Financial Analyst','813-617-4542','docooney2e@blog.com','Tampa','United States','Florida','09 Claremont Lane',33620,'jcb',4440000000000000),('0067-4870','Ariadne Crowth','Female','Database Administrator II','203-112-7711','acrowth5k@angelfire.com','Stamford','United States','Connecticut','40532 Moland Circle',6922,'jcb',4320000000000000),('0067-6045','Onofredo Breede','Male','Programmer Analyst I','510-830-2761','obreede3c@people.com.cn','Berkeley','United States','California','36 Melrose Parkway',94705,'mastercard',2390000000000000),('0069-6001','James Tripcony','Male','Physical Therapy Assistant','504-625-6875','jtripconye7@github.io','New Orleans','United States','Louisiana','345 Susan Center',70187,'jcb',3760000000000000),('0074-3799','Templeton Cleyne','Male','Graphic Designer','281-714-5309','tcleynemg@sun.com','Pasadena','United States','Texas','6831 Rigney Parkway',77505,'bankcard',3420000000000000),('0085-1132','Valeria Abram','Female','Account Representative III','217-641-8431','vabramor@springer.com','Springfield','United States','Illinois','2035 Karstens Road',62776,'jcb',1720000000000000),('0093-5142','Lexie Lymbourne','Female','Cost Accountant','706-924-7335','llymbourneb9@squarespace.com','Athens','United States','Georgia','827 Lien Way',30610,'jcb',3630000000000000),('0093-5517','Brantley Elflain','Male','Computer Systems Analyst III','718-587-7012','belflainmb@ucoz.ru','Staten Island','United States','New York','7 Sommers Park',10310,'laser',2040000000000000),('0093-6126','Nichole Longlands','Female','VP Sales','269-868-5073','nlonglands1j@auda.org.au','Kalamazoo','United States','Michigan','659 Mitchell Alley',49048,'switch',4850000000000000),('0093-7304','Coleman Tallach','Male','Biostatistician II','217-194-7564','ctallachlz@desdev.cn','Springfield','United States','Illinois','7044 Sommers Drive',62723,'jcb',1270000000000000),('0113-0277','Heywood Matuszkiewicz','Male','Information Systems Manager','404-766-3677','hmatuszkiewicz3w@cargocollective.com','Atlanta','United States','Georgia','62725 Dovetail Place',30375,'visa',2080000000000000),('0113-0425','Paloma Keatch','Female','Environmental Specialist','234-289-1283','pkeatchlb@is.gd','Akron','United States','Ohio','7645 Twin Pines Alley',44393,'jcb',2540000000000000),('0113-0973','Becky Karppi','Female','Account Executive','347-898-2504','bkarppif4@omniture.com','Brooklyn','United States','New York','88 Toban Road',11241,'instapayment',2700000000000000),('0115-1232','Wyatt Dysert','Male','Analog Circuit Design manager','608-608-9102','wdysertod@github.io','Madison','United States','Wisconsin','8 Grayhawk Center',53779,'mastercard',4830000000000000),('0121-0772','Allissa Gwilt','Female','General Manager','785-599-7924','agwilt4d@blogger.com','Topeka','United States','Kansas','6245 Oakridge Plaza',66622,'mastercard',3630000000000000),('0121-4675','Jourdain Kingzeth','Male','Assistant Manager','772-959-2301','jkingzeth5r@privacy.gov.au','Fort Pierce','United States','Florida','74 Maywood Place',34949,'diners-club-enroute',2950000000000000),('0135-0460','Chadd Firpi','Male','Administrative Assistant III','479-672-2885','cfirpi1o@wp.com','Fort Smith','United States','Arkansas','3 Corscot Circle',72905,'china-unionpay',4350000000000000),('0135-0505','Quinlan Macken','Male','Assistant Manager','816-327-2806','qmackenb6@studiopress.com','Kansas City','United States','Missouri','28 8th Place',64153,'jcb',2570000000000000),('0143-9856','Valdemar Klawi','Male','Accounting Assistant I','704-309-8319','vklawibp@51.la','Winston Salem','United States','North Carolina','88 Express Lane',27105,'laser',2560000000000000),('0168-0151','Beckie Kellick','Female','Financial Advisor','269-467-1203','bkellickkj@vimeo.com','Battle Creek','United States','Michigan','77101 Kedzie Way',49018,'jcb',3220000000000000),('0168-0277','Sheryl Flasby','Female','Marketing Assistant','757-571-4747','sflasby4l@cbsnews.com','Suffolk','United States','Virginia','92 Redwing Hill',23436,'jcb',3440000000000000),('0168-0279','Brady Dahlen','Male','Sales Associate','310-249-1369','bdahlendd@blogs.com','Santa Monica','United States','California','0 Ridgeview Drive',90410,'jcb',3330000000000000),('0172-3762','Kary Bellord','Female','VP Sales','910-935-4907','kbellordls@imgur.com','Wilmington','United States','North Carolina','02624 Tony Crossing',28410,'instapayment',4170000000000000),('0173-0756','Lane Lackner','Male','Budget/Accounting Analyst IV','518-297-7474','llacknerix@hc360.com','Albany','United States','New York','78462 Forster Avenue',12205,'jcb',4660000000000000),('0173-0772','Cheston Sweating','Male','GIS Technical Architect','843-498-9975','csweatingj5@slate.com','Charleston','United States','South Carolina','64997 Vidon Way',29424,'jcb',3990000000000000),('0178-0370','Fair Ingry','Male','Web Designer IV','603-501-8133','fingry9w@posterous.com','Portsmouth','United States','New Hampshire','64137 Pond Circle',3804,'jcb',4140000000000000),('0179-0080','Ryann Kinney','Female','Accounting Assistant IV','214-632-4099','rkinneya5@home.pl','Dallas','United States','Texas','64216 Havey Alley',75387,'diners-club-enroute',4210000000000000),('0179-1804','Charmaine Agiolfinger','Female','Speech Pathologist','501-974-3049','cagiolfingerj2@cdbaby.com','North Little Rock','United States','Arkansas','78 Lakeland Crossing',72118,'visa-electron',1510000000000000),('0185-0128','My Leneve','Male','Design Engineer','316-400-2858','mlenevef2@spotify.com','Wichita','United States','Kansas','4 Jana Road',67220,'jcb',3560000000000000),('0185-0157','Hymie Swyndley','Male','Senior Cost Accountant','917-422-3564','hswyndley2a@photobucket.com','Brooklyn','United States','New York','3 Del Sol Way',11236,'jcb',1620000000000000),('0187-1221','Eric Kleinert','Male','Automation Specialist I','801-151-8122','ekleinert9e@redcross.org','Salt Lake City','United States','Utah','13 American Ash Drive',84135,'jcb',4960000000000000),('0187-2205','Gena Zimek','Female','Statistician II','303-402-5682','gzimekjx@nyu.edu','Boulder','United States','Colorado','69958 Di Loreto Place',80328,'bankcard',1870000000000000),('0206-2100','Gussy Murison','Female','Chemical Engineer','651-279-4209','gmurison2k@google.ru','Saint Paul','United States','Minnesota','7861 Cardinal Trail',55127,'americanexpress',3320000000000000),('0220-9081','Katusha Benet','Female','Staff Accountant IV','412-634-3631','kbeneteh@unc.edu','Pittsburgh','United States','Pennsylvania','798 Parkside Alley',15240,'jcb',2820000000000000),('0220-9324','Chryste Please','Female','Operator','515-627-6399','cpleasegm@xing.com','Des Moines','United States','Iowa','57169 New Castle Circle',50393,'diners-club-carte-blanche',4080000000000000),('0220-9346','Erin Martijn','Male','Research Assistant II','860-802-6981','emartijndt@wikispaces.com','Hartford','United States','Connecticut','288 Macpherson Court',6160,'jcb',2040000000000000),('0228-2672','Mychal Zanetti','Male','Social Worker','937-749-6041','mzanettig@dropbox.com','Dayton','United States','Ohio','68 Prairieview Way',45470,'china-unionpay',2330000000000000),('0258-3687','Natale Swabey','Male','Environmental Specialist','757-935-7324','nswabey7t@networkadvertising.org','Norfolk','United States','Virginia','204 Sunfield Hill',23514,'china-unionpay',1930000000000000),('0268-0030','Sherman Bennett','Male','Senior Editor','402-591-6358','sbennettrn@google.com.hk','Lincoln','United States','Nebraska','4 Oneill Place',68524,'maestro',2320000000000000),('0268-0654','Datha Christon','Female','VP Accounting','806-319-0596','dchriston4r@google.ru','Amarillo','United States','Texas','43 Meadow Ridge Park',79171,'jcb',4850000000000000),('0268-0807','Man Ollet','Male','Budget/Accounting Analyst III','281-929-6859','mollet8y@bbc.co.uk','Spring','United States','Texas','487 Magdeline Way',77388,'jcb',4310000000000000),('0268-0899','Deanne Andreolli','Female','Assistant Media Planner','918-407-7055','dandreolli1c@furl.net','Tulsa','United States','Oklahoma','0039 Fallview Street',74133,'visa',3600000000000000),('0268-1007','Rozella Bedboro','Female','Structural Engineer','925-100-6978','rbedborodp@huffingtonpost.com','Concord','United States','California','95 Stephen Avenue',94522,'visa',3300000000000000),('0268-1046','Fey Emig','Female','Assistant Media Planner','404-468-0115','femigov@cmu.edu','Atlanta','United States','Georgia','14510 Caliangt Point',30380,'jcb',4660000000000000),('0268-1139','Joannes Collingdon','Female','Assistant Media Planner','203-516-9913','jcollingdonck@squidoo.com','Waterbury','United States','Connecticut','497 Summit Center',6726,'americanexpress',4280000000000000),('0268-6618','Marve Gaynsford','Male','Internal Auditor','334-997-2654','mgaynsfordic@lycos.com','Montgomery','United States','Alabama','43 Graedel Street',36125,'americanexpress',3360000000000000),('0268-6635','Clayborn Matyukon','Male','Data Coordiator','217-131-9118','cmatyukon8m@mashable.com','Champaign','United States','Illinois','3894 Westend Road',61825,'jcb',2370000000000000),('0268-6686','Mitzi Mussettini','Female','Environmental Specialist','863-956-0208','mmussettinimh@qq.com','Winter Haven','United States','Florida','2 Sugar Hill',33884,'jcb',1280000000000000),('0268-6699','Fernandina Wadley','Female','Desktop Support Technician','239-826-7143','fwadleyiy@cafepress.com','Fort Myers','United States','Florida','47960 Gateway Alley',33913,'americanexpress',2250000000000000),('0268-6701','Quentin Churchill','Male','Nuclear Power Engineer','646-507-2400','qchurchillpm@phoca.cz','Brooklyn','United States','New York','2 Mcbride Terrace',11215,'diners-club-carte-blanche',4040000000000000);

CREATE TABLE `order`(
  `order_id` varchar(25) NOT NULL,
  `customer_id` varchar(25) DEFAULT NULL,
  `shipper_id` int DEFAULT NULL,
  `product_id` int DEFAULT NULL,
  `quantity` int DEFAULT NULL,
  `vehicle_price` decimal(10,2) DEFAULT NULL,
  `order_date` date DEFAULT NULL,
  `ship_date` date DEFAULT NULL,
  `discount` decimal(4,2) DEFAULT NULL,
  `ship_mode` varchar(25) DEFAULT NULL,
  `shipping` varchar(30) DEFAULT NULL,
  `customer_feedback` varchar(20) DEFAULT NULL,
  `quarter_number` int DEFAULT NULL,
  PRIMARY KEY (`order_id`));

INSERT INTO `order` VALUES ('0002-7502','0409-7139',3804,4680,1,72762.15,'2018-11-27','2019-01-01',0.67,'Standard Class','Truck','Very Bad',4),('0004-0259','11673-067',3712,4925,1,78679.57,'2018-10-28','2019-02-06',0.52,'Same Day','Truck','Bad',4),('0006-0078','65044-9961',3284,4361,2,94338.83,'2018-03-26','2018-05-30',0.45,'First Class','Air','Very Bad',1),('0013-2651','36987-3061',1718,4214,2,73071.88,'2018-10-31','2019-05-06',0.58,'First Class','Air','Okay',4),('0019-0862','68151-1471',2849,3603,2,85151.49,'2018-11-10','2019-05-05',0.73,'Standard Class','Air','Okay',4),('0049-0032','60429-028',2370,4762,2,63492.66,'2018-11-10','2019-05-13',0.74,'Same Day','Truck','Bad',4),('0049-4940','59078-039',2781,4893,1,85609.02,'2018-11-12','2019-03-01',0.71,'Same Day','Truck','Okay',4),('0054-0243','65966-001',3204,4575,1,95090.46,'2018-07-01','2018-08-16',0.67,'First Class','Truck','Good',3),('0054-0254','64980-183',3643,4006,2,70735.18,'2018-04-04','2018-08-05',0.61,'First Class','Air','Very Good',2),('0054-8528','0904-6191',2480,4877,1,79570.98,'2018-09-09','2018-09-10',0.73,'First Class','Air','Okay',3),('0067-6025','36987-2792',1996,3844,2,79523.75,'2018-01-30','2018-05-03',0.41,'Same Day','Truck','Good',1),('0069-0079','52033-001',3857,3828,1,87162.30,'2018-03-01','2018-05-01',0.60,'First Class','Air','Bad',1),('0069-2980','55648-172',3776,3772,2,82503.81,'2018-03-19','2018-04-05',0.41,'Second Class','Air','Good',1),('0069-3120','41190-915',1325,4509,2,99704.46,'2018-02-17','2018-03-24',0.70,'Standard Class','Truck','Okay',1),('0074-4341','0023-4385',1504,4112,1,97842.92,'2018-01-21','2018-04-05',0.60,'Same Day','Truck','Good',1),('0078-0512','57520-0034',2903,4547,2,75166.80,'2018-04-14','2018-04-25',0.64,'Standard Class','Truck','Very Bad',2),('0078-0592','53247-330',1720,4647,2,70757.61,'2018-04-22','2018-05-27',0.62,'First Class','Air','Bad',2),('0085-1110','54868-6162',3540,3681,2,93837.13,'2018-08-22','2018-09-26',0.70,'Same Day','Truck','Okay',3),('0093-0132','43742-0185',2363,4796,1,83157.66,'2018-04-27','2018-06-06',0.64,'First Class','Air','Good',2),('0093-0173','15127-550',3436,3658,1,80829.05,'2018-11-15','2019-06-20',0.78,'First Class','Air','Good',4),('0093-0248','0378-5504',1845,3758,1,70695.34,'2018-01-19','2018-02-23',0.59,'First Class','Air','Okay',1),('0093-1026','60432-455',3062,4722,2,89156.58,'2018-08-08','2018-11-09',0.72,'First Class','Air','Bad',3),('0093-4160','63014-1600',1614,4246,1,73930.63,'2018-04-04','2018-08-06',0.69,'Standard Class','Air','Good',2),('0093-5514','49349-191',3837,3787,1,92405.58,'2018-04-06','2018-10-06',0.55,'Same Day','Truck','Good',2),('0093-5539','0363-0604',1007,4634,1,98256.40,'2018-09-08','2019-12-09',0.73,'Same Day','Air','Very Good',3),('0093-7394','49215-0001',3313,4275,2,81458.90,'2018-04-05','2018-05-06',0.57,'First Class','Air','Good',2),('0093-8232','0615-7662',2930,3946,2,87037.20,'2018-10-23','2019-05-27',0.49,'Same Day','Truck','Okay',4),('0096-0738','50036-571',1487,4969,2,93601.73,'2018-04-28','2018-05-29',0.63,'Second Class','Truck','Good',2),('0113-0166','54868-5545',1573,3746,2,77562.54,'2018-02-18','2018-03-25',0.54,'Second Class','Air','Very Good',1),('0113-0459','43419-028',1890,4388,1,83543.55,'2018-05-06','2018-06-07',0.54,'First Class','Truck','Very Good',2),('0113-2476','37808-351',2469,4712,1,72362.68,'2018-04-04','2018-07-05',0.60,'Same Day','Truck','Good',2),('0135-0484','59450-200',3778,3903,1,74809.42,'2018-02-26','2018-04-05',0.45,'Standard Class','Air','Okay',1),('0135-0504','55154-3437',3465,3796,1,95030.52,'2018-02-01','2018-05-01',0.58,'Same Day','Truck','Good',1),('0135-0525','0085-1132',1738,4663,1,86912.60,'2018-11-10','2019-02-05',0.72,'Second Class','Truck','Okay',4),('0135-0532','13734-023',1772,3695,2,82698.25,'2018-07-20','2018-08-24',0.72,'Second Class','Truck','Okay',3),('0143-9681','10157-1010',3178,4229,1,88825.16,'2018-04-15','2018-06-05',0.55,'Standard Class','Air','Okay',2),('0168-0309','55319-619',1517,3765,2,71241.16,'2018-02-01','2018-04-05',0.65,'Second Class','Truck','Okay',1),('0172-3759','58118-0517',1757,4304,2,74364.70,'2018-07-08','2019-12-09',0.63,'Second Class','Air','Very Good',3),('0173-0453','61328-001',1416,4281,1,79549.75,'2018-08-21','2018-09-25',0.67,'Same Day','Truck','Good',3),('0173-0699','11673-536',2348,3565,1,86514.32,'2018-03-27','2018-04-05',0.49,'Standard Class','Truck','Okay',1),('0173-0838','43196-514',3795,3579,2,74182.73,'2018-07-01','2018-09-08',0.69,'Same Day','Truck','Very Bad',3),('0173-0842','63629-5013',2126,4301,2,83793.73,'2018-05-27','2018-06-17',0.69,'First Class','Air','Good',2),('0178-0490','68151-2871',3186,3668,2,89001.89,'2018-10-12','2019-05-01',0.58,'First Class','Air','Good',4),('0179-0013','42546-175',1446,4574,2,72699.72,'2018-06-23','2018-07-08',0.59,'Second Class','Truck','Bad',2),('0179-0128','67938-0904',2071,3508,1,94846.19,'2018-02-14','2018-03-27',0.57,'Standard Class','Air','Very Good',1),('0179-0155','21695-473',2656,4549,1,71249.68,'2018-04-04','2018-09-04',0.69,'Standard Class','Truck','Very Bad',2),('0179-1435','54340-809',1094,4754,2,76636.25,'2018-07-26','2018-08-30',0.74,'Second Class','Truck','Good',3),('0185-0055','54973-3112',2438,4332,2,72041.85,'2018-06-19','2018-07-24',0.54,'First Class','Air','Bad',2),('0187-2615','11564-003',3592,4878,1,77755.58,'2018-08-21','2018-09-25',0.77,'Same Day','Truck','Very Good',3);

CREATE TABLE `product`(
  `product_id` int NOT NULL,
  `vehicle_maker` varchar(60) DEFAULT NULL,
  `vehicle_color` varchar(60) DEFAULT NULL,
  `vehicle_model_year` int DEFAULT NULL,
  PRIMARY KEY (`product_id`));
  
INSERT INTO `product` VALUES (3500,'Kia','Pink',2006),(3501,'Volkswagen','Blue',2011),(3503,'Maserati','Blue',1990),(3508,'Jaguar','Violet',2006),(3509,'GMC','Puce',1993),(3511,'Maserati','Green',2005),(3512,'Saab','Indigo',2006),(3513,'Mercury','Orange',2006),(3516,'Toyota','Indigo',2009),(3517,'Audi','Violet',2012),(3518,'Lincoln','Khaki',1994),(3519,'Dodge','Blue',1993),(3520,'Dodge','Pink',1994),(3522,'Maybach','Mauv',2005),(3523,'Mercedes-Benz','Green',2011),(3524,'Suzuki','Blue',1998),(3526,'Volkswagen','Khaki',2009),(3527,'Pontiac','Maroon',1990),(3528,'Toyota','Blue',2004),(3529,'Bentley','Indigo',2008);

CREATE TABLE `vehicle`(
`vehicle_id` int NOT NULL,
`product_id` int,
`vehicle_model` varchar(60) DEFAULT NULL,
`vehicle_price` decimal(14,8) DEFAULT NULL);

INSERT INTO `vehicle` VALUES (1234, 3500, 'Rio', 85650.88623000);

CREATE TABLE `shipper`(
  `shipper_id` int NOT NULL,
  `shipper_name` varchar(50) DEFAULT NULL,
  `shipper_contact_details` varchar(30) DEFAULT NULL,
  PRIMARY KEY (`shipper_id`));
  
  INSERT INTO `shipper` VALUES (1003,'Tavu','187-20-9550'),(1005,'Rhybox','655-21-6931'),(1007,'Katz','815-87-7868'),(1009,'Brainlounge','571-38-4231'),(1013,'Realbridge','457-27-6078'),(1015,'Yakijo','616-53-0046'),(1022,'InnoZ','415-48-2318'),(1023,'Fiveclub','719-53-5670'),(1028,'Feedfire','634-55-4653'),(1030,'Topdrive','469-15-9131'),(1037,'Snaptags','841-17-7017'),(1042,'Jayo','304-18-2648'),(1043,'Kwimbee','578-83-2676'),(1044,'Devpulse','684-93-2807'),(1045,'Feednation','540-24-4522'),(1046,'Oozz','684-23-0409'),(1049,'Dabtype','120-98-6931'),(1057,'Voolia','723-29-9697'),(1058,'Edgeify','244-83-6199'),(1061,'Skyvu','358-59-7146'),(1065,'Fadeo','433-83-1238'),(1068,'Skivee','407-40-8666'),(1072,'Ainyx','222-96-0060'),(1082,'Feedbug','769-63-4799'),(1089,'Youbridge','303-10-2442'),(1094,'Fivespan','516-46-0775'),(1095,'Photolist','212-72-8973'),(1096,'Innotype','674-69-5280'),(1098,'Babbleopia','269-87-2914'),(1099,'Katz','724-07-7936'),(1100,'Realbridge','680-20-3768'),(1102,'Youspan','307-71-8958'),(1103,'Trupe','214-73-6591'),(1107,'Voonyx','430-21-1212'),(1108,'Gabvine','271-90-4904'),(1109,'LiveZ','714-07-9190'),(1110,'Riffwire','430-80-6105'),(1111,'Pixoboo','863-37-0862'),(1114,'Gabcube','768-57-3316'),(1117,'Twinder','842-36-7675'),(1121,'Linktype','614-40-8086'),(1124,'Oyoyo','440-82-9219'),(1131,'Teklist','366-89-4882'),(1134,'Jaxworks','804-98-8936'),(1135,'Quimba','676-34-4117'),(1136,'Browsetype','115-08-9699'),(1138,'Jabbersphere','215-35-2226'),(1140,'Vinte','170-33-0650'),(1142,'Twitterwire','412-07-3378'),(1144,'Dynabox','432-13-7009'),(1153,'Bluejam','516-58-4018'),(1154,'Feedmix','238-97-4452'),(1155,'Lajo','740-59-3740'),(1156,'Youfeed','230-94-0683'),(1167,'Flashdog','784-59-9901');

RENAME TABLE `order` TO orders;

#Adding foreign key and primary key to vehicle table
ALTER TABLE vehicle
ADD CONSTRAINT fk_vehicler
FOREIGN KEY (product_id) REFERENCES product(product_id);

ALTER TABLE vehicle
ADD PRIMARY KEY (vehicle_id);

#Adding foreign key to orders table
ALTER TABLE orders
ADD CONSTRAINT fk_customer
FOREIGN KEY (customer_id) REFERENCES customer(customer_id);

#Adding another foreign key to orders table using product_id
ALTER TABLE orders
ADD CONSTRAINT fk_product
FOREIGN KEY (product_id) REFERENCES product(product_id);

ALTER TABLE customer
DROP COLUMN order_id;

#Adding another foreign key to orders table using shipper_id
ALTER TABLE orders
ADD CONSTRAINT fk_shipper
FOREIGN KEY (shipper_id) REFERENCES shipper(shipper_id);

#Using the below queries to check to see missing/null values from both the customer and orders tables.
SELECT a.customer_id
FROM orders a
JOIN customer b ON a.customer_id = b.customer_id;

SELECT a.customer_id
FROM orders a
LEFT JOIN customer b ON a.customer_id = b.customer_id
WHERE b.customer_id IS NULL;

INSERT INTO `vehicle` VALUES (1238, 3510,'2500 Club Coupe',83682.3330000),(1239,3511,'Quattroporte',85502.00000000),(1240,3512,'09-May',88856.59500000),(1241,3513,'Monterey',71183.23000000),(1242,3516,'Sequoia',91632.00345000),(1243, 3517,'A3',75705.81300000),(1244,3518,'Mark VIII',68732.24780000),(1245,3519,'Dakota',75369.26000000),(1246,3520,'Ram 3500',75520.02000000),(1247,3522,'57',82335.34800000),(1248,3523,'SL-Class',77311.07000000);